{"0": [[9727.967583351952, -336.8961019502493], [9727.967583351952, -340.8961019502493], [9725.967583351952, -340.8961019502493], [9725.967583351952, -336.8961019502493], [9727.967583351952, -336.8961019502493]], "1": [[9727.967583351952, -454.5596489417691], [9727.967583351952, -458.5596489417691], [9725.967583351952, -458.5596489417691], [9725.967583351952, -454.5596489417691], [9727.967583351952, -454.5596489417691]], "2": [[9899.785407881938, -458.5596489416802], [9897.785407881938, -458.5596489416802], [9897.785407881938, -454.5596489416802], [9899.785407881938, -454.5596489416802], [9899.785407881938, -458.5596489416802]], "3": [[9899.785407881938, -340.5471994799451], [9897.785407881938, -340.5471994799451], [9897.785407881938, -336.5471994799451], [9899.785407881938, -336.5471994799451], [9899.785407881938, -340.5471994799451]], "4": [[9827.301019695182, -236.02552834742045], [9825.301019695182, -236.02552834742045], [9825.301019695182, -232.02552834742045], [9827.301019695182, -232.02552834742045], [9827.301019695182, -236.02552834742045]], "5": [[9823.184768664736, -128.52071995820256], [9823.184768664736, -130.52071995824772], [9819.184768664736, -130.52071995824772], [9819.184768664736, -128.5207199582929], [9823.184768664736, -128.52071995820256]]}