{"generic_rooms": [[[9827.30101969518, -128.5207199581096, 0.0], [9725.967583351952, -128.520719960398, 0.0], [9725.967583351952, -497.9888348060792, 0.0], [9899.785407881938, -497.9888348059903, 0.0], [9899.785407881938, -271.973160138053, 0.0], [9827.301019695182, -271.9731601380481, 0.0]]], "bathrooms": [[[9832.051019699597, -128.5207199581096, 0.0], [9899.785407881944, -128.5207199603979, 0.0], [9899.78540788194, -234.0516600692395, 0.0], [9832.05101969778, -234.0516600695887, 0.0]]], "closets": [[[9832.051019699598, -238.8016600727496, 0.0], [9832.051019699598, -267.2231601335772, 0.0], [9899.785407881946, -267.2231601335772, 0.0], [9899.785407881935, -238.8016600727059, 0.0]]], "kitchens": [[[9750.717622649468, -128.5207199603988, 0.0], [9750.717622649468, -266.8961019502494, 0.0], [9725.967583351952, -266.8961019502493, 0.0], [9725.967583351952, -128.520719960398, 0.0]]], "doors": [[[9835.473211689416, -267.2231601336316, 0.0], [9835.47321168942, -271.9731601381071, 0.0], [9896.363215892121, -271.973160138053, 0.0], [9896.363215892117, -267.2231601335776, 0.0]], [[9827.30101969518, -161.692220023408, 0.0], [9827.30101969518, -202.817220023408, 0.0], [9832.051019695338, -202.817220023408, 0.0], [9832.051019699597, -161.692220023408, 0.0]], [[9756.176019695178, -120.5207199580404, 0.0], [9756.176019695178, -128.5207199581096, 0.0], [9797.301019695178, -128.5207199581096, 0.0], [9797.301019695178, -120.5207199580404, 0.0]]], "windows": [[[9756.538397487642, -497.9888348060635, 0.0], [9756.538397487642, -508.488834806078, 0.0], [9869.214593746256, -508.488834806078, 0.0], [9869.214593746248, -497.9888348060059, 0.0]]]}